Date,Precip_mm
2022-01-01,0.16
2022-01-02,4.3
2022-01-03,0.01
2022-01-04,0.04
2022-01-05,0.06
2022-01-06,0.03
2022-01-07,0.0
2022-01-08,0.0
2022-01-09,0.08
2022-01-10,0.05
2022-01-11,0.01
2022-01-12,0.01
2022-01-13,0.0
2022-01-14,0.17
2022-01-15,9.93
2022-01-16,0.35
2022-01-17,0.04
2022-01-18,0.02
2022-01-19,0.01
2022-01-20,0.0
2022-01-21,0.01
2022-01-22,0.07
2022-01-23,0.72
2022-01-24,0.53
2022-01-25,0.05
2022-01-26,0.0
2022-01-27,0.01
2022-01-28,0.02
2022-01-29,0.0
2022-01-30,0.05
2022-01-31,0.0
2022-02-01,0.01
2022-02-02,0.8
2022-02-03,0.24
2022-02-04,0.0
2022-02-05,0.02
2022-02-06,0.01
2022-02-07,0.12
2022-02-08,0.0
2022-02-09,0.0
2022-02-10,0.01
2022-02-11,2.42
2022-02-12,0.22
2022-02-13,0.25
2022-02-14,0.13
2022-02-15,0.01
2022-02-16,0.0
2022-02-17,2.03
2022-02-18,0.43
2022-02-19,0.24
2022-02-20,0.0
2022-02-21,0.0
2022-02-22,0.53
2022-02-23,1.11
2022-02-24,0.01
2022-02-25,2.04
2022-02-26,0.1
2022-02-27,0.02
2022-02-28,0.0
2022-03-01,0.0
2022-03-02,0.0
2022-03-03,0.01
2022-03-04,0.0
2022-03-05,2.97
2022-03-06,8.0
2022-03-07,4.47
2022-03-08,0.27
2022-03-09,0.01
2022-03-10,0.15
2022-03-11,0.75
2022-03-12,0.0
2022-03-13,0.0
2022-03-14,0.0
2022-03-15,0.0
2022-03-16,0.01
2022-03-17,0.03
2022-03-18,5.42
2022-03-19,9.85
2022-03-20,0.04
2022-03-21,0.0
2022-03-22,8.64
2022-03-23,12.44
2022-03-24,3.3
2022-03-25,0.44
2022-03-26,0.05
2022-03-27,0.0
2022-03-28,0.0
2022-03-29,0.0
2022-03-30,5.28
2022-03-31,4.1
2022-04-01,0.21
2022-04-02,3.81
2022-04-03,1.53
2022-04-04,2.08
2022-04-05,0.07
2022-04-06,5.4
2022-04-07,0.28
2022-04-08,1.12
2022-04-09,0.28
2022-04-10,0.0
2022-04-11,0.0
2022-04-12,0.01
2022-04-13,8.29
2022-04-14,1.89
2022-04-15,0.04
2022-04-16,0.0
2022-04-17,0.04
2022-04-18,2.69
2022-04-19,0.04
2022-04-20,0.15
2022-04-21,8.32
2022-04-22,5.59
2022-04-23,7.37
2022-04-24,4.53
2022-04-25,0.47
2022-04-26,0.0
2022-04-27,0.0
2022-04-28,1.92
2022-04-29,6.97
2022-04-30,10.74
2022-05-01,3.18
2022-05-02,0.1
2022-05-03,15.91
2022-05-04,1.62
2022-05-05,1.04
2022-05-06,2.24
2022-05-07,0.19
2022-05-08,1.76
2022-05-09,3.46
2022-05-10,1.67
2022-05-11,0.11
2022-05-12,0.75
2022-05-13,1.81
2022-05-14,0.75
2022-05-15,1.02
2022-05-16,0.46
2022-05-17,0.13
2022-05-18,7.34
2022-05-19,0.25
2022-05-20,1.19
2022-05-21,0.79
2022-05-22,0.53
2022-05-23,0.0
2022-05-24,0.02
2022-05-25,17.18
2022-05-26,13.91
2022-05-27,3.21
2022-05-28,0.02
2022-05-29,0.47
2022-05-30,2.78
2022-05-31,4.92
2022-06-01,2.24
2022-06-02,0.21
2022-06-03,0.0
2022-06-04,1.2
2022-06-05,2.26
2022-06-06,13.76
2022-06-07,3.89
2022-06-08,11.22
2022-06-09,1.97
2022-06-10,2.06
2022-06-11,2.06
2022-06-12,3.95
2022-06-13,1.32
2022-06-14,1.08
2022-06-15,8.9
2022-06-16,5.45
2022-06-17,3.62
2022-06-18,0.03
2022-06-19,0.0
2022-06-20,0.26
2022-06-21,0.02
2022-06-22,1.74
2022-06-23,0.01
2022-06-24,1.18
2022-06-25,14.56
2022-06-26,4.79
2022-06-27,0.0
2022-06-28,0.19
2022-06-29,0.83
2022-06-30,0.06
2022-07-01,0.62
2022-07-02,1.29
2022-07-03,0.32
2022-07-04,5.78
2022-07-05,8.06
2022-07-06,14.41
2022-07-07,5.24
2022-07-08,10.6
2022-07-09,7.21
2022-07-10,0.05
2022-07-11,3.09
2022-07-12,0.97
2022-07-13,0.11
2022-07-14,0.15
2022-07-15,5.55
2022-07-16,4.31
2022-07-17,1.72
2022-07-18,0.16
2022-07-19,0.0
2022-07-20,0.04
2022-07-21,0.03
2022-07-22,0.76
2022-07-23,0.82
2022-07-24,7.44
2022-07-25,0.48
2022-07-26,1.09
2022-07-27,1.3
2022-07-28,2.86
2022-07-29,0.02
2022-07-30,0.0
2022-07-31,0.0
2022-08-01,1.73
2022-08-02,0.95
2022-08-03,1.1
2022-08-04,2.55
2022-08-05,0.0
2022-08-06,0.02
2022-08-07,15.11
2022-08-08,9.05
2022-08-09,1.52
2022-08-10,0.06
2022-08-11,0.02
2022-08-12,1.25
2022-08-13,1.05
2022-08-14,0.47
2022-08-15,0.26
2022-08-16,11.02
2022-08-17,0.23
2022-08-18,0.34
2022-08-19,3.92
2022-08-20,8.11
2022-08-21,2.61
2022-08-22,0.02
2022-08-23,0.01
2022-08-24,0.1
2022-08-25,3.7
2022-08-26,0.91
2022-08-27,0.35
2022-08-28,14.72
2022-08-29,2.74
2022-08-30,0.67
2022-08-31,0.0
2022-09-01,0.05
2022-09-02,0.85
2022-09-03,0.5
2022-09-04,2.15
2022-09-05,0.02
2022-09-06,0.0
2022-09-07,0.0
2022-09-08,0.0
2022-09-09,0.0
2022-09-10,4.68
2022-09-11,15.58
2022-09-12,1.18
2022-09-13,0.17
2022-09-14,0.0
2022-09-15,0.0
2022-09-16,1.16
2022-09-17,1.87
2022-09-18,12.23
2022-09-19,2.87
2022-09-20,0.06
2022-09-21,0.63
2022-09-22,0.52
2022-09-23,0.57
2022-09-24,2.55
2022-09-25,0.17
2022-09-26,0.01
2022-09-27,0.01
2022-09-28,0.0
2022-09-29,0.0
2022-09-30,0.0
2022-10-01,0.0
2022-10-02,0.0
2022-10-03,0.15
2022-10-04,0.0
2022-10-05,0.49
2022-10-06,1.04
2022-10-07,0.06
2022-10-08,0.0
2022-10-09,0.0
2022-10-10,0.08
2022-10-11,0.03
2022-10-12,4.8
2022-10-13,0.77
2022-10-14,0.02
2022-10-15,0.37
2022-10-16,0.01
2022-10-17,0.02
2022-10-18,0.0
2022-10-19,0.0
2022-10-20,0.0
2022-10-21,0.0
2022-10-22,0.0
2022-10-23,0.0
2022-10-24,0.99
2022-10-25,13.04
2022-10-26,2.2
2022-10-27,0.04
2022-10-28,0.48
2022-10-29,0.0
2022-10-30,0.01
2022-10-31,0.26
2022-11-01,0.02
2022-11-02,0.0
2022-11-03,0.01
2022-11-04,3.1
2022-11-05,27.43
2022-11-06,4.86
2022-11-07,0.0
2022-11-08,0.1
2022-11-09,1.65
2022-11-10,0.22
2022-11-11,5.69
2022-11-12,0.05
2022-11-13,0.04
2022-11-14,0.02
2022-11-15,1.65
2022-11-16,2.06
2022-11-17,0.17
2022-11-18,0.12
2022-11-19,0.12
2022-11-20,0.04
2022-11-21,0.0
2022-11-22,0.0
2022-11-23,0.0
2022-11-24,0.05
2022-11-25,0.01
2022-11-26,0.0
2022-11-27,1.31
2022-11-28,0.37
2022-11-29,0.13
2022-11-30,1.36
2022-12-01,0.01
2022-12-02,0.02
2022-12-03,0.04
2022-12-04,0.0
2022-12-05,0.03
2022-12-06,0.11
2022-12-07,0.01
2022-12-08,0.0
2022-12-09,8.59
2022-12-10,1.38
2022-12-11,0.27
2022-12-12,0.0
2022-12-13,7.38
2022-12-14,12.11
2022-12-15,2.51
2022-12-16,1.42
2022-12-17,0.34
2022-12-18,0.07
2022-12-19,0.03
2022-12-20,1.02
2022-12-21,0.02
2022-12-22,3.09
2022-12-23,0.9
2022-12-24,0.2
2022-12-25,0.03
2022-12-26,2.13
2022-12-27,0.28
2022-12-28,0.03
2022-12-29,0.05
2022-12-30,0.24
2022-12-31,0.0

Annual_Total_mm,679.9
Source,"NOAA CPC Unified Gauge-Based Analysis, 0.25deg, Iowa area-weighted avg"
